<?xml version="1.0" encoding="UTF-8" standalone="yes"?>
<addon id="plugin.video.daddyvip" name="DaddyVip" version="1.0.0" provider-name="DaddyVip">
  <requires>
    <import addon="xbmc.python" version="3.0.0"/>
    <import addon="script.module.requests" version="2.25.1"/>
  </requires>
  <extension point="xbmc.python.pluginsource" library="default.py">

  </extension>
  <extension point="xbmc.addon.metadata">
    <summary lang="en_GB">DaddyVip Live TV Channels</summary>
    <summary lang="he_IL">ערוצי טלוויזיה חיים DaddyVip</summary>
    <description lang="en_GB">Watch live TV channels from around the world including Israeli channels</description>
    <description lang="he_IL">צפייה בערוצי טלוויזיה חיים מכל העולם כולל ערוצים ישראליים</description>
    <platform>all</platform>
    <license>MIT</license>
    <disclaimer lang="en_GB">This addon does not host any content. All content is provided by third parties.</disclaimer>
    <disclaimer lang="he_IL">הרחבה זו אינה מארחת תוכן כלשהו. כל התוכן מסופק על ידי צדדים שלישיים.</disclaimer>
    <assets>
      <icon>icon.png</icon>
      <fanart>fanart.jpg</fanart>
    </assets>
  </extension>
</addon>