<?xml version="1.0" encoding="UTF-8"?>
<window>

    <coordinates>
        <left>110</left>
        <top>55</top>
    </coordinates>
    <controls>
        <control type="group">
            <control type="image">
                <left>0</left>
                <top>0</top>
                <width>1700</width>
                <height>970</height>
                <texture border="2">Background/ContentPanel.png</texture>
            </control>
            <control type="image" id="101">
                <left>10</left>
                <top>10</top>
                <width>1680</width>
                <height>950</height>
            </control>
            <control type="label" id="102">
                <posx>20</posx>
                <posy>20</posy>
                <width>1660</width>
                <height>60</height>
                <font>font-40</font>
				<!-- <textcolor>white</textcolor> -->
                <label>מה חדש</label>
                <align>center</align>
                <aligny>center</aligny>
                <visible>Skin.String(headertexttype)</visible>
				<visible>false</visible>
            </control>
            <control type="image" id="103">
                <centerleft>5%</centerleft>
                <top>20</top>
                <width>100</width>
                <height>100</height>
                <aspectratio aligny="center" align="center">keep</aspectratio>
                <visible>Skin.String(headerimagetype)</visible>

            </control>
            <control type="textbox" id="104">
                <left>27</left>
                <top>85</top>
                <width>1597</width>
                <height>740</height>
                <font>font36_title</font>
                <align>right</align>
                <aligny>top</aligny>
                <colordiffuse>FFFF00FF</colordiffuse>
                <pagecontrol>105</pagecontrol>
            </control>
            <control type="scrollbar" id="105">
                <left>1660</left>
                <top>90</top>
                <width>30</width>
                <height>790</height>
                <subtype>text</subtype>
                <visible>true</visible>
                <texturesliderbackground>Button/scrollbar-V-background.png</texturesliderbackground>
                <texturesliderbar>Button/scrollbar-V-background.png</texturesliderbar>
                <texturesliderbarfocus colordiffuse="FF12B2E7">Button/scrollbar-V-focus.png</texturesliderbarfocus>
                <orientation>vertical</orientation>
                <showonepage>true</showonepage>
                <onup>201</onup>
                <ondown>201</ondown>
                <onleft>201</onleft>
                <onright>201</onright>
            </control>
        </control>
        <control type="group">
            <control type="button" id="201">
                <left>50</left>
                <top>880</top>
                <width>200</width>
                <height>60</height>
                
                <textcolor>FFF0F0F0</textcolor>
                <label>סגור</label>
                <align>center</align>
                <aligny>center</aligny>
                <texturefocus colordiffuse="ffe52b50">Button/testbuttonfo.png</texturefocus>
                <texturenofocus colordiffuse="gray">Button/testbuttonnf.png</texturenofocus>
                <onleft>202</onleft>
                <onright>202</onright>
                <onup>105</onup>
                <ondown>105</ondown>
            </control>
            <control type="button" id="202">
			 <visible>false</visible>
                <left>300</left>
                <top>890</top>
                <width>300</width>
                <height>60</height>
                <textcolor>FFF0F0F0</textcolor>
                <textoffsetx>20</textoffsetx>
                <label>הצג תוכן חדש</label>
                <align>center</align>
                <aligny>center</aligny>
                <texturefocus colordiffuse="ffe52b50">Button/testbuttonfo.png</texturefocus>
                <texturenofocus colordiffuse="gray">Button/testbuttonnf.png</texturenofocus>
                <onleft>201</onleft>
                <onright>201</onright>
                <onup>105</onup>
                <ondown>105</ondown>
            </control>
        </control>
    </controls>
</window>
