<?xml version="1.0" encoding="UTF-8"?>
<window>
    <controls>
        <control type="image">
            <left>0</left>
            <top>0</top>
            <width>1920</width>
            <height>1080</height>
            <texture colordiffuse="FF000000">common/white.png</texture>
            <animation type="WindowOpen" reversible="false">
                <effect type="fade" start="0" end="80" time="120" />
            </animation>
        </control>
        <control type="group">
            <left>100</left>
            <top>135</top>
            <animation type="WindowOpen" reversible="false">
                <effect type="fade" end="100" time="200" />
            </animation>
            <control type="image">
                <height>810</height>
                <width>1720</width>
                <include>Texture_Dialog</include>
            </control>
            <control type="group">
                <control type="image">
                    <left>1170</left>
                    <top>10</top>
                    <height max="792">auto</height>
                    <width max="530">auto</width>
                    <align>center</align>
                    <aligny>center</aligny>
                    <aspectratio>keep</aspectratio>
                    <texture diffuse="diffuse/poster_w544_h800.png">$INFO[Window.Property(poster)]</texture>
                </control>
                <control type="image">
                    <left>7</left>
                    <top>7</top>
                    <width>45</width>
                    <height>45</height>
                    <align>right</align>
                    <aligny>top</aligny>
                    <aspectratio aligny="top">keep</aspectratio>
                    <texture colordiffuse="dialog_fg_70">common/cobra.png</texture>
                </control>
                <control type="textbox" id="2001">
                    <top>50</top>
                    <left>20</left>
                    <width>1100</width>
                    <height>700</height>
                    <font>font_midi</font>
                    <align>center</align>
                    <aligny>center</aligny>
                    <textcolor>dialog_fg_70</textcolor>
                    <pagecontrol>2061</pagecontrol>
                </control>
                <control type="scrollbar" id="2061">
                    <left>1140</left>
                    <top>35</top>
                    <width>10</width>
                    <height>740</height>
                    <texturesliderbackground colordiffuse="FF302F2F">common/white.png</texturesliderbackground>
                    <texturesliderbar colordiffuse="FF555556">common/white.png</texturesliderbar>
                    <texturesliderbarfocus>special://profile/addon_data/script.texturemaker/ArcticHorizon/box_v.png</texturesliderbarfocus>
                    <onleft>2061</onleft>
                    <onright>2061</onright>
                    <showonepage>false</showonepage>
                    <orientation>vertical</orientation>
                </control>
            </control>
        </control>
        <control type="group">
            <control type="image">
                <top>515</top>
                <left>30</left>
                <width>50</width>
                <height>50</height>
                <visible>String.IsEqual(Window.Property(previous_display),true)</visible>
                <texture colordiffuse="$VAR[ColorHighlight]" background="true" flipx="true">arrows/arrow-240.png</texture>
            </control>
            <control type="image">
                <top>515</top>
                <left>1840</left>
                <width>50</width>
                <height>50</height>
                <visible>String.IsEqual(Window.Property(next_display),true)</visible>
                <texture colordiffuse="$VAR[ColorHighlight]" background="true">arrows/arrow-240.png</texture>
            </control>
        </control>
    </controls>
</window>
