<addon id="plugin.video.cobra" name="Cobra" provider-name="VIP" version="2.0.1">
    <requires>
        <import addon="xbmc.python" version="3.0.0"/>
        <import addon="script.module.requests" version="2.19.1"/>
		<import addon="script.module.pyqrcode" version="1.2.1+matrix.1"/>
    </requires>
    <extension library="resources/lib/cobra.py" point="xbmc.python.pluginsource">
        <provides>video</provides>
    </extension>
    <extension library="resources/lib/service.py" point="xbmc.service"/>
    <extension library="resources/lib/" point="xbmc.python.module"/>
    <extension point="xbmc.addon.metadata">
        <!-- <reuselanguageinvoker>true</reuselanguageinvoker> -->
        <summary lang="en">Play Rd And Telemedia.</summary>
        <description lang="en">Only For AnonymousTV.</description>
        <platform>all</platform>
		<disclaimer lang="en">Only For AnonymousTV.</disclaimer>
        <license>GNU GENERAL PUBLIC LICENSE. Version 3, 29 June 2007</license>
        <assets>
            <icon>resources/media/cobra_icon.png</icon>
            <fanart>resources/media/cobra_fanart.png</fanart>
        </assets>
        <news>INFO: For latest changes see Changelog within Tools of add-on.</news>
    </extension>
</addon>