<window id="13001" type="dialog">
    <coordinates>
        <posx>center</posx>
        <posy>center</posy>
    </coordinates>
    <size>
        <width>420</width>
        <height>160</height>
    </size>
    <controls>
        <!-- רקע -->
        <control type="image">
            <posx>0</posx>
            <posy>0</posy>
            <width>420</width>
            <height>110</height>
            <texture colordiffuse="FF1C1C1C">white.png</texture>
        </control>

        <!-- פוסטר -->
        <control type="image">
            <posx>20</posx>
            <posy>5</posy>
            <width>90</width>
            <height>100</height>
            <texture>$INFO[Window.Property(thumb)]</texture>
        </control>

        <!-- טקסט -->
        <control type="label">
            <posx>140</posx>
            <posy>20</posy>
            <width>260</width>
            <height>30</height>
            <label>מעבר לפרק הבא</label>
            <font>font30</font>
            <align>center</align>
            <textcolor>FFFFFFFF</textcolor>
        </control>

		<!-- כפתור נגן -->
		<control type="button" id="10">
			<posx>140</posx>
			<posy>60</posy>
			<width>120</width>
			<height>40</height>
			<label>נגן</label>
			<align>center</align>
			<font>font13</font>
			<textcolor>FFFFFFFF</textcolor>
			<texturefocus colordiffuse="yellow">white.png</texturefocus>
			<texturenofocus colordiffuse="FF222222">white.png</texturenofocus>
			<onright>11</onright> <!-- מעבר לימין = ביטול -->
		</control>

		<!-- כפתור ביטול -->
		<control type="button" id="11">
			<posx>280</posx>
			<posy>60</posy>
			<width>120</width>
			<height>40</height>
			<label>ביטול</label>
			<align>center</align>
			<font>font13</font>
			<textcolor>FFFFFFFF</textcolor>
			<texturefocus colordiffuse="red">white.png</texturefocus>
			<texturenofocus colordiffuse="FF222222">white.png</texturenofocus>
			<onleft>10</onleft> <!-- מעבר לשמאל = נגן -->
		</control>

    </controls>
</window>
